"inflation.target","inflation.lag1","inflation.lag2","inflation.lag3","inflation.lag4","inflation.lag5","inflation.lag6","inflation.lag7","unemp.lag1","unemp.lag2","unemp.lag3","unemp.lag4","unemp.lag5","unemp.lag6","unemp.lag7","oil.lag1","oil.lag2","oil.lag3","oil.lag4","oil.lag5","oil.lag6","oil.lag7"
-1.11887011430424,-2.76035786300166,-0.55594028000463,-4.33539246056808,-3.23859661179122,6.83519290123453,6.35184904415909,8.92988845519567,6.7,5.86666666666667,4.66666666666667,3.83333333333333,3.76666666666667,3.66666666666667,3.73333333333333,0,0,0,0,0,0,170.844252623078
-1.67945882800909,-1.11887011430424,-2.76035786300166,-0.55594028000463,-4.33539246056808,-3.23859661179122,6.83519290123453,6.35184904415909,6.96666666666667,6.7,5.86666666666667,4.66666666666667,3.83333333333333,3.76666666666667,3.66666666666667,0,0,0,0,0,0,0
4.01960299960789,-1.67945882800909,-1.11887011430424,-2.76035786300166,-0.55594028000463,-4.33539246056808,-3.23859661179122,6.83519290123453,6.4,6.96666666666667,6.7,5.86666666666667,4.66666666666667,3.83333333333333,3.76666666666667,0,0,0,0,0,0,0
6.89407554146411,4.01960299960789,-1.67945882800909,-1.11887011430424,-2.76035786300166,-0.55594028000463,-4.33539246056808,-3.23859661179122,5.56666666666667,6.4,6.96666666666667,6.7,5.86666666666667,4.66666666666667,3.83333333333333,0,0,0,0,0,0,0
8.52413904068665,6.89407554146411,4.01960299960789,-1.67945882800909,-1.11887011430424,-2.76035786300166,-0.55594028000463,-4.33539246056808,4.63333333333333,5.56666666666667,6.4,6.96666666666667,6.7,5.86666666666667,4.66666666666667,0,0,0,0,0,0,0
17.2046062748554,8.52413904068665,6.89407554146411,4.01960299960789,-1.67945882800909,-1.11887011430424,-2.76035786300166,-0.55594028000463,4.23333333333333,4.63333333333333,5.56666666666667,6.4,6.96666666666667,6.7,5.86666666666667,0,0,0,0,0,0,0
3.68140547947102,17.2046062748554,8.52413904068665,6.89407554146411,4.01960299960789,-1.67945882800909,-1.11887011430424,-2.76035786300166,3.5,4.23333333333333,4.63333333333333,5.56666666666667,6.4,6.96666666666667,6.7,0,0,0,0,0,0,0
0,3.68140547947102,17.2046062748554,8.52413904068665,6.89407554146411,4.01960299960789,-1.67945882800909,-1.11887011430424,3.1,3.5,4.23333333333333,4.63333333333333,5.56666666666667,6.4,6.96666666666667,0,0,0,0,0,0,0
6.3138821738332,0,3.68140547947102,17.2046062748554,8.52413904068665,6.89407554146411,4.01960299960789,-1.67945882800909,3.16666666666667,3.1,3.5,4.23333333333333,4.63333333333333,5.56666666666667,6.4,0,0,0,0,0,0,0
1.52766172707062,6.3138821738332,0,3.68140547947102,17.2046062748554,8.52413904068665,6.89407554146411,4.01960299960789,3.36666666666667,3.16666666666667,3.1,3.5,4.23333333333333,4.63333333333333,5.56666666666667,0,0,0,0,0,0,0
1.01265015584553,1.52766172707062,6.3138821738332,0,3.68140547947102,17.2046062748554,8.52413904068665,6.89407554146411,3.06666666666667,3.36666666666667,3.16666666666667,3.1,3.5,4.23333333333333,4.63333333333333,0,0,0,0,0,0,0
2.53955617573711,1.01265015584553,1.52766172707062,6.3138821738332,0,3.68140547947102,17.2046062748554,8.52413904068665,2.96666666666667,3.06666666666667,3.36666666666667,3.16666666666667,3.1,3.5,4.23333333333333,0,0,0,0,0,0,0
0.500938281494134,2.53955617573711,1.01265015584553,1.52766172707062,6.3138821738332,0,3.68140547947102,17.2046062748554,3.23333333333333,2.96666666666667,3.06666666666667,3.36666666666667,3.16666666666667,3.1,3.5,0,0,0,0,0,0,0
-1.48973189025792,0.500938281494134,2.53955617573711,1.01265015584553,1.52766172707062,6.3138821738332,0,3.68140547947102,2.83333333333333,3.23333333333333,2.96666666666667,3.06666666666667,3.36666666666667,3.16666666666667,3.1,0,0,0,0,0,0,0
2.02013825353049,-1.48973189025792,0.500938281494134,2.53955617573711,1.01265015584553,1.52766172707062,6.3138821738332,0,2.7,2.83333333333333,3.23333333333333,2.96666666666667,3.06666666666667,3.36666666666667,3.16666666666667,0,0,0,0,0,0,0
2.00998743788943,2.02013825353049,-1.48973189025792,0.500938281494134,2.53955617573711,1.01265015584553,1.52766172707062,6.3138821738332,2.56666666666667,2.7,2.83333333333333,3.23333333333333,2.96666666666667,3.06666666666667,3.36666666666667,13.6147608734597,0,0,0,0,0,0
0.996256323058176,2.00998743788943,2.02013825353049,-1.48973189025792,0.500938281494134,2.53955617573711,1.01265015584553,1.52766172707062,2.73333333333333,2.56666666666667,2.7,2.83333333333333,3.23333333333333,2.96666666666667,3.06666666666667,27.5936852481792,13.6147608734597,0,0,0,0,0
0,0.996256323058176,2.00998743788943,2.02013825353049,-1.48973189025792,0.500938281494134,2.53955617573711,1.01265015584553,3.7,2.73333333333333,2.56666666666667,2.7,2.83333333333333,3.23333333333333,2.96666666666667,0,27.5936852481792,13.6147608734597,0,0,0,0
-0.494131235443163,0,0.996256323058176,2.00998743788943,2.02013825353049,-1.48973189025792,0.500938281494134,2.53955617573711,5.26666666666667,3.7,2.73333333333333,2.56666666666667,2.7,2.83333333333333,3.23333333333333,0,0,27.5936852481792,13.6147608734597,0,0,0
-0.494742403457638,-0.494131235443163,0,0.996256323058176,2.00998743788943,2.02013825353049,-1.48973189025792,0.500938281494134,5.8,5.26666666666667,3.7,2.73333333333333,2.56666666666667,2.7,2.83333333333333,0,0,0,27.5936852481792,13.6147608734597,0,0
-1.48054200665484,-0.494742403457638,-0.494131235443163,0,0.996256323058176,2.00998743788943,2.02013825353049,-1.48973189025792,5.96666666666667,5.8,5.26666666666667,3.7,2.73333333333333,2.56666666666667,2.7,0,0,0,0,27.5936852481792,13.6147608734597,0
0.49906328585223,-1.48054200665484,-0.494742403457638,-0.494131235443163,0,0.996256323058176,2.00998743788943,2.02013825353049,5.33333333333333,5.96666666666667,5.8,5.26666666666667,3.7,2.73333333333333,2.56666666666667,0,0,0,0,0,27.5936852481792,13.6147608734597
-0.496585012372441,0.49906328585223,-1.48054200665484,-0.494742403457638,-0.494131235443163,0,0.996256323058176,2.00998743788943,4.73333333333333,5.33333333333333,5.96666666666667,5.8,5.26666666666667,3.7,2.73333333333333,0,0,0,0,0,0,27.5936852481792
0.49906328585223,-0.496585012372441,0.49906328585223,-1.48054200665484,-0.494742403457638,-0.494131235443163,0,0.996256323058176,4.4,4.73333333333333,5.33333333333333,5.96666666666667,5.8,5.26666666666667,3.7,0,0,0,0,0,0,0
0.998743816017389,0.49906328585223,-0.496585012372441,0.49906328585223,-1.48054200665484,-0.494742403457638,-0.494131235443163,0,4.1,4.4,4.73333333333333,5.33333333333333,5.96666666666667,5.8,5.26666666666667,0,0,0,0,0,0,0
0,0.998743816017389,0.49906328585223,-0.496585012372441,0.49906328585223,-1.48054200665484,-0.494742403457638,-0.494131235443163,4.23333333333333,4.1,4.4,4.73333333333333,5.33333333333333,5.96666666666667,5.8,0,0,0,0,0,0,0
2.50457507118933,0,0.998743816017389,0.49906328585223,-0.496585012372441,0.49906328585223,-1.48054200665484,-0.494742403457638,4.03333333333333,4.23333333333333,4.1,4.4,4.73333333333333,5.33333333333333,5.96666666666667,0,0,0,0,0,0,0
4.51340394124409,2.50457507118933,0,0.998743816017389,0.49906328585223,-0.496585012372441,0.49906328585223,-1.48054200665484,4.2,4.03333333333333,4.23333333333333,4.1,4.4,4.73333333333333,5.33333333333333,0,0,0,0,0,0,0
2.95910999196323,4.51340394124409,2.50457507118933,0,0.998743816017389,0.49906328585223,-0.496585012372441,0.49906328585223,4.13333333333333,4.2,4.03333333333333,4.23333333333333,4.1,4.4,4.73333333333333,0,0,0,0,0,0,0
3.93073850206096,2.95910999196323,4.51340394124409,2.50457507118933,0,0.998743816017389,0.49906328585223,-0.496585012372441,4.13333333333333,4.13333333333333,4.2,4.03333333333333,4.23333333333333,4.1,4.4,0,0,0,0,0,0,0
2.90890134431743,3.93073850206096,2.95910999196323,4.51340394124409,2.50457507118933,0,0.998743816017389,0.49906328585223,3.93333333333333,4.13333333333333,4.13333333333333,4.2,4.03333333333333,4.23333333333333,4.1,25.8202623753664,0,0,0,0,0,0
3.86429193597317,2.90890134431743,3.93073850206096,2.95910999196323,4.51340394124409,2.50457507118933,0,0.998743816017389,4.1,3.93333333333333,4.13333333333333,4.13333333333333,4.2,4.03333333333333,4.23333333333333,11.636569404797,25.8202623753664,0,0,0,0,0
1.90018442990043,3.86429193597317,2.90890134431743,3.93073850206096,2.95910999196323,4.51340394124409,2.50457507118933,0,4.23333333333333,4.1,3.93333333333333,4.13333333333333,4.13333333333333,4.2,4.03333333333333,0,11.636569404797,25.8202623753664,0,0,0,0
4.77813989337532,1.90018442990043,3.86429193597317,2.90890134431743,3.93073850206096,2.95910999196323,4.51340394124409,2.50457507118933,4.93333333333333,4.23333333333333,4.1,3.93333333333333,4.13333333333333,4.13333333333333,4.2,-3.00568904999421,0,11.636569404797,25.8202623753664,0,0,0
2.34045102141169,4.77813989337532,1.90018442990043,3.86429193597317,2.90890134431743,3.93073850206096,2.95910999196323,4.51340394124409,6.3,4.93333333333333,4.23333333333333,4.1,3.93333333333333,4.13333333333333,4.13333333333333,3.09883025154278,-3.00568904999421,0,11.636569404797,25.8202623753664,0,0
0,2.34045102141169,4.77813989337532,1.90018442990043,3.86429193597317,2.90890134431743,3.93073850206096,2.95910999196323,7.36666666666667,6.3,4.93333333333333,4.23333333333333,4.1,3.93333333333333,4.13333333333333,0,3.09883025154278,-3.00568904999421,0,11.636569404797,25.8202623753664,0
0.925919752738991,0,2.34045102141169,4.77813989337532,1.90018442990043,3.86429193597317,2.90890134431743,3.93073850206096,7.33333333333333,7.36666666666667,6.3,4.93333333333333,4.23333333333333,4.1,3.93333333333333,0,0,3.09883025154278,-3.00568904999421,0,11.636569404797,25.8202623753664
0.461094336746304,0.925919752738991,0,2.34045102141169,4.77813989337532,1.90018442990043,3.86429193597317,2.90890134431743,6.36666666666667,7.33333333333333,7.36666666666667,6.3,4.93333333333333,4.23333333333333,4.1,-5.94310722919346,0,0,3.09883025154278,-3.00568904999421,0,11.636569404797
0.460563429650174,0.461094336746304,0.925919752738991,0,2.34045102141169,4.77813989337532,1.90018442990043,3.86429193597317,5.83333333333333,6.36666666666667,7.33333333333333,7.36666666666667,6.3,4.93333333333333,4.23333333333333,-4.33774282682857,-5.94310722919346,0,0,3.09883025154278,-3.00568904999421,0
2.78405644719677,0.460563429650174,0.461094336746304,0.925919752738991,0,2.34045102141169,4.77813989337532,1.90018442990043,5.1,5.83333333333333,6.36666666666667,7.33333333333333,7.36666666666667,6.3,4.93333333333333,-2.64885945844281,-4.33774282682857,-5.94310722919346,0,0,3.09883025154278,-3.00568904999421
2.30007852233307,2.78405644719677,0.460563429650174,0.461094336746304,0.925919752738991,0,2.34045102141169,4.77813989337532,5.26666666666667,5.1,5.83333333333333,6.36666666666667,7.33333333333333,7.36666666666667,6.3,0,-2.64885945844281,-4.33774282682857,-5.94310722919346,0,0,3.09883025154278
0,2.30007852233307,2.78405644719677,0.460563429650174,0.461094336746304,0.925919752738991,0,2.34045102141169,5.6,5.26666666666667,5.1,5.83333333333333,6.36666666666667,7.33333333333333,7.36666666666667,0,0,-2.64885945844281,-4.33774282682857,-5.94310722919346,0,0
2.2869287612729,0,2.30007852233307,2.78405644719677,0.460563429650174,0.461094336746304,0.925919752738991,0,5.13333333333333,5.6,5.26666666666667,5.1,5.83333333333333,6.36666666666667,7.33333333333333,0,0,0,-2.64885945844281,-4.33774282682857,-5.94310722919346,0
0.451721472357725,2.2869287612729,0,2.30007852233307,2.78405644719677,0.460563429650174,0.461094336746304,0.925919752738991,5.23333333333333,5.13333333333333,5.6,5.26666666666667,5.1,5.83333333333333,6.36666666666667,0,0,0,0,-2.64885945844281,-4.33774282682857,-5.94310722919346
2.73021855679689,0.451721472357725,2.2869287612729,0,2.30007852233307,2.78405644719677,0.460563429650174,0.461094336746304,5.53333333333333,5.23333333333333,5.13333333333333,5.6,5.26666666666667,5.1,5.83333333333333,0,0,0,0,0,-2.64885945844281,-4.33774282682857
0,2.73021855679689,0.451721472357725,2.2869287612729,0,2.30007852233307,2.78405644719677,0.460563429650174,6.26666666666667,5.53333333333333,5.23333333333333,5.13333333333333,5.6,5.26666666666667,5.1,0,0,0,0,0,0,-2.64885945844281
0,0,2.73021855679689,0.451721472357725,2.2869287612729,0,2.30007852233307,2.78405644719677,6.8,6.26666666666667,5.53333333333333,5.23333333333333,5.13333333333333,5.6,5.26666666666667,0,0,0,0,0,0,0
1.80175651169037,0,0,2.73021855679689,0.451721472357725,2.2869287612729,0,2.30007852233307,7,6.8,6.26666666666667,5.53333333333333,5.23333333333333,5.13333333333333,5.6,0,0,0,0,0,0,0
0.893849194024954,1.80175651169037,0,0,2.73021855679689,0.451721472357725,2.2869287612729,0,6.76666666666667,7,6.8,6.26666666666667,5.53333333333333,5.23333333333333,5.13333333333333,0,0,0,0,0,0,0
1.34001482716053,0.893849194024954,1.80175651169037,0,0,2.73021855679689,0.451721472357725,2.2869287612729,6.2,6.76666666666667,7,6.8,6.26666666666667,5.53333333333333,5.23333333333333,0,0,0,0,0,0,0
1.3355407777772,1.34001482716053,0.893849194024954,1.80175651169037,0,0,2.73021855679689,0.451721472357725,5.63333333333333,6.2,6.76666666666667,7,6.8,6.26666666666667,5.53333333333333,0,0,0,0,0,0,0
1.33109650453664,1.3355407777772,1.34001482716053,0.893849194024954,1.80175651169037,0,0,2.73021855679689,5.53333333333333,5.63333333333333,6.2,6.76666666666667,7,6.8,6.26666666666667,0,0,0,0,0,0,0
1.3266817111746,1.33109650453664,1.3355407777772,1.34001482716053,0.893849194024954,1.80175651169037,0,0,5.56666666666667,5.53333333333333,5.63333333333333,6.2,6.76666666666667,7,6.8,0,0,0,0,0,0,0
0.880082706572716,1.3266817111746,1.33109650453664,1.3355407777772,1.34001482716053,0.893849194024954,1.80175651169037,0,5.53333333333333,5.56666666666667,5.53333333333333,5.63333333333333,6.2,6.76666666666667,7,0,0,0,0,0,0,0
0.878150605233219,0.880082706572716,1.3266817111746,1.33109650453664,1.3355407777772,1.34001482716053,0.893849194024954,1.80175651169037,5.76666666666667,5.53333333333333,5.56666666666667,5.53333333333333,5.63333333333333,6.2,6.76666666666667,0,0,0,0,0,0,0
2.64594315230857,0.878150605233219,0.880082706572716,1.3266817111746,1.33109650453664,1.3355407777772,1.34001482716053,0.893849194024954,5.73333333333333,5.76666666666667,5.53333333333333,5.56666666666667,5.53333333333333,5.63333333333333,6.2,0,0,0,0,0,0,0
1.30788454222688,2.64594315230857,0.878150605233219,0.880082706572716,1.3266817111746,1.33109650453664,1.3355407777772,1.34001482716053,5.5,5.73333333333333,5.76666666666667,5.53333333333333,5.56666666666667,5.53333333333333,5.63333333333333,0,0,0,0,0,0,0
0.867673877375519,1.30788454222688,2.64594315230857,0.878150605233219,0.880082706572716,1.3266817111746,1.33109650453664,1.3355407777772,5.56666666666667,5.5,5.73333333333333,5.76666666666667,5.53333333333333,5.56666666666667,5.53333333333333,0,0,0,0,0,0,0
1.3007959232278,0.867673877375519,1.30788454222688,2.64594315230857,0.878150605233219,0.880082706572716,1.3266817111746,1.33109650453664,5.46666666666667,5.56666666666667,5.5,5.73333333333333,5.76666666666667,5.53333333333333,5.56666666666667,0,0,0,0,0,0,0
0.86299392150555,1.3007959232278,0.867673877375519,1.30788454222688,2.64594315230857,0.878150605233219,0.880082706572716,1.3266817111746,5.2,5.46666666666667,5.56666666666667,5.5,5.73333333333333,5.76666666666667,5.53333333333333,0,0,0,0,0,0,0
1.72782181620941,0.86299392150555,1.3007959232278,0.867673877375519,1.30788454222688,2.64594315230857,0.878150605233219,0.880082706572716,5,5.2,5.46666666666667,5.56666666666667,5.5,5.73333333333333,5.76666666666667,-6.56585656365985,0,0,0,0,0,0
1.28822817100762,1.72782181620941,0.86299392150555,1.3007959232278,0.867673877375519,1.30788454222688,2.64594315230857,0.878150605233219,4.96666666666667,5,5.2,5.46666666666667,5.56666666666667,5.5,5.73333333333333,0,-6.56585656365985,0,0,0,0,0
2.5805126108654,1.28822817100762,1.72782181620941,0.86299392150555,1.3007959232278,0.867673877375519,1.30788454222688,2.64594315230857,4.9,4.96666666666667,5,5.2,5.46666666666667,5.56666666666667,5.5,0,0,-6.56585656365985,0,0,0,0
1.27590094078185,2.5805126108654,1.28822817100762,1.72782181620941,0.86299392150555,1.3007959232278,0.867673877375519,1.30788454222688,4.66666666666667,4.9,4.96666666666667,5,5.2,5.46666666666667,5.56666666666667,0,0,0,-6.56585656365985,0,0,0
2.55578175177609,1.27590094078185,2.5805126108654,1.28822817100762,1.72782181620941,0.86299392150555,1.3007959232278,0.867673877375519,4.36666666666667,4.66666666666667,4.9,4.96666666666667,5,5.2,5.46666666666667,0,0,0,0,-6.56585656365985,0,0
3.39672648882667,2.55578175177609,1.27590094078185,2.5805126108654,1.28822817100762,1.72782181620941,0.86299392150555,1.3007959232278,4.1,4.36666666666667,4.66666666666667,4.9,4.96666666666667,5,5.2,0,0,0,0,0,-6.56585656365985,0
3.7950473799172,3.39672648882667,2.55578175177609,1.27590094078185,2.5805126108654,1.28822817100762,1.72782181620941,0.86299392150555,3.86666666666667,4.1,4.36666666666667,4.66666666666667,4.9,4.96666666666667,5,0,0,0,0,0,0,-6.56585656365985
3.75938361275694,3.7950473799172,3.39672648882667,2.55578175177609,1.27590094078185,2.5805126108654,1.28822817100762,1.72782181620941,3.83333333333333,3.86666666666667,4.1,4.36666666666667,4.66666666666667,4.9,4.96666666666667,0,0,0,0,0,0,0
2.88790113494377,3.75938361275694,3.7950473799172,3.39672648882667,2.55578175177609,1.27590094078185,2.5805126108654,1.28822817100762,3.76666666666667,3.83333333333333,3.86666666666667,4.1,4.36666666666667,4.66666666666667,4.9,2.30272664127096,0,0,0,0,0,0
0.813003948791646,2.88790113494377,3.75938361275694,3.7950473799172,3.39672648882667,2.55578175177609,1.27590094078185,2.5805126108654,3.7,3.76666666666667,3.83333333333333,3.86666666666667,4.1,4.36666666666667,4.66666666666667,4.61818529648412,2.30272664127096,0,0,0,0,0
2.44886623788829,0.813003948791646,2.88790113494377,3.75938361275694,3.7950473799172,3.39672648882667,2.55578175177609,1.27590094078185,3.83333333333333,3.7,3.76666666666667,3.83333333333333,3.86666666666667,4.1,4.36666666666667,2.72093315364093,4.61818529648412,2.30272664127096,0,0,0,0
4.08111211345752,2.44886623788829,0.813003948791646,2.88790113494377,3.75938361275694,3.7950473799172,3.39672648882667,2.55578175177609,3.83333333333333,3.83333333333333,3.7,3.76666666666667,3.83333333333333,3.86666666666667,4.1,1.34451895293339,2.72093315364093,4.61818529648412,2.30272664127096,0,0,0
4.45051479004166,4.08111211345752,2.44886623788829,0.813003948791646,2.88790113494377,3.75938361275694,3.7950473799172,3.39672648882667,3.8,3.83333333333333,3.83333333333333,3.7,3.76666666666667,3.83333333333333,3.86666666666667,6.36891888675506,1.34451895293339,2.72093315364093,4.61818529648412,2.30272664127096,0,0
3.99551532714688,4.45051479004166,4.08111211345752,2.44886623788829,0.813003948791646,2.88790113494377,3.75938361275694,3.7950473799172,3.9,3.8,3.83333333333333,3.83333333333333,3.7,3.76666666666667,3.83333333333333,3.09883025154278,6.36891888675506,1.34451895293339,2.72093315364093,4.61818529648412,2.30272664127096,0
3.95600432944951,3.99551532714688,4.45051479004166,4.08111211345752,2.44886623788829,0.813003948791646,2.88790113494377,3.75938361275694,3.73333333333333,3.9,3.8,3.83333333333333,3.83333333333333,3.7,3.76666666666667,0,3.09883025154278,6.36891888675506,1.34451895293339,2.72093315364093,4.61818529648412,2.30272664127096
5.5159648770837,3.95600432944951,3.99551532714688,4.45051479004166,4.08111211345752,2.44886623788829,0.813003948791646,2.88790113494377,3.56666666666667,3.73333333333333,3.9,3.8,3.83333333333333,3.83333333333333,3.7,0,0,3.09883025154278,6.36891888675506,1.34451895293339,2.72093315364093,4.61818529648412
5.04511523169873,5.5159648770837,3.95600432944951,3.99551532714688,4.45051479004166,4.08111211345752,2.44886623788829,0.813003948791646,3.53333333333333,3.56666666666667,3.73333333333333,3.9,3.8,3.83333333333333,3.83333333333333,0,0,0,3.09883025154278,6.36891888675506,1.34451895293339,2.72093315364093
4.98228645602725,5.04511523169873,5.5159648770837,3.95600432944951,3.99551532714688,4.45051479004166,4.08111211345752,2.44886623788829,3.4,3.53333333333333,3.56666666666667,3.73333333333333,3.9,3.8,3.83333333333333,0,0,0,0,3.09883025154278,6.36891888675506,1.34451895293339
6.47105623883115,4.98228645602725,5.04511523169873,5.5159648770837,3.95600432944951,3.99551532714688,4.45051479004166,4.08111211345752,3.4,3.4,3.53333333333333,3.56666666666667,3.73333333333333,3.9,3.8,8.04977037746457,0,0,0,0,3.09883025154278,6.36891888675506
5.60351983746583,6.47105623883115,4.98228645602725,5.04511523169873,5.5159648770837,3.95600432944951,3.99551532714688,4.45051479004166,3.43333333333333,3.4,3.4,3.53333333333333,3.56666666666667,3.73333333333333,3.9,31.2205573202126,8.04977037746457,0,0,0,0,3.09883025154278
6.27987824800207,5.60351983746583,6.47105623883115,4.98228645602725,5.04511523169873,5.5159648770837,3.95600432944951,3.99551532714688,3.56666666666667,3.43333333333333,3.4,3.4,3.53333333333333,3.56666666666667,3.73333333333333,0,31.2205573202126,8.04977037746457,0,0,0,0
6.5552449536,6.27987824800207,5.60351983746583,6.47105623883115,4.98228645602725,5.04511523169873,5.5159648770837,3.95600432944951,3.56666666666667,3.56666666666667,3.43333333333333,3.4,3.4,3.53333333333333,3.56666666666667,0,0,31.2205573202126,8.04977037746457,0,0,0
5.71797172118329,6.5552449536,6.27987824800207,5.60351983746583,6.47105623883115,4.98228645602725,5.04511523169873,5.5159648770837,4.16666666666667,3.56666666666667,3.56666666666667,3.43333333333333,3.4,3.4,3.53333333333333,0,0,0,31.2205573202126,8.04977037746457,0,0
4.20626653683724,5.71797172118329,6.5552449536,6.27987824800207,5.60351983746583,6.47105623883115,4.98228645602725,5.04511523169873,4.76666666666667,4.16666666666667,3.56666666666667,3.56666666666667,3.43333333333333,3.4,3.4,0,0,0,0,31.2205573202126,8.04977037746457,0
5.93468567133448,4.20626653683724,5.71797172118329,6.5552449536,6.27987824800207,5.60351983746583,6.47105623883115,4.98228645602725,5.16666666666667,4.76666666666667,4.16666666666667,3.56666666666667,3.56666666666667,3.43333333333333,3.4,-4.69125586809787,0,0,0,0,31.2205573202126,8.04977037746457
3.4097551049787,5.93468567133448,4.20626653683724,5.71797172118329,6.5552449536,6.27987824800207,5.60351983746583,6.47105623883115,5.83333333333333,5.16666666666667,4.76666666666667,4.16666666666667,3.56666666666667,3.56666666666667,3.43333333333333,10.457222383046,-4.69125586809787,0,0,0,0,31.2205573202126
3.72368348156726,3.4097551049787,5.93468567133448,4.20626653683724,5.71797172118329,6.5552449536,6.27987824800207,5.60351983746583,5.93333333333333,5.83333333333333,5.16666666666667,4.76666666666667,4.16666666666667,3.56666666666667,3.56666666666667,21.141765516187,10.457222383046,-4.69125586809787,0,0,0,0
4.02972545363829,3.72368348156726,3.4097551049787,5.93468567133448,4.20626653683724,5.71797172118329,6.5552449536,6.27987824800207,5.9,5.93333333333333,5.83333333333333,5.16666666666667,4.76666666666667,4.16666666666667,3.56666666666667,0,21.141765516187,10.457222383046,-4.69125586809787,0,0,0
2.98116248528582,4.02972545363829,3.72368348156726,3.4097551049787,5.93468567133448,4.20626653683724,5.71797172118329,6.5552449536,6.03333333333333,5.9,5.93333333333333,5.83333333333333,5.16666666666667,4.76666666666667,4.16666666666667,0,0,21.141765516187,10.457222383046,-4.69125586809787,0,0
3.29190684396481,2.98116248528582,4.02972545363829,3.72368348156726,3.4097551049787,5.93468567133448,4.20626653683724,5.71797172118329,5.93333333333333,6.03333333333333,5.9,5.93333333333333,5.83333333333333,5.16666666666667,4.76666666666667,0,0,0,21.141765516187,10.457222383046,-4.69125586809787,0
2.60572673496322,3.29190684396481,2.98116248528582,4.02972545363829,3.72368348156726,3.4097551049787,5.93468567133448,4.20626653683724,5.76666666666667,5.93333333333333,6.03333333333333,5.9,5.93333333333333,5.83333333333333,5.16666666666667,0,0,0,0,21.141765516187,10.457222383046,-4.69125586809787
3.24385757909669,2.60572673496322,3.29190684396481,2.98116248528582,4.02972545363829,3.72368348156726,3.4097551049787,5.93468567133448,5.7,5.76666666666667,5.93333333333333,6.03333333333333,5.9,5.93333333333333,5.83333333333333,0,0,0,0,0,21.141765516187,10.457222383046
4.19806110456638,3.24385757909669,2.60572673496322,3.29190684396481,2.98116248528582,4.02972545363829,3.72368348156726,3.4097551049787,5.56666666666667,5.7,5.76666666666667,5.93333333333333,6.03333333333333,5.9,5.93333333333333,0,0,0,0,0,0,21.141765516187
6.44438738834319,4.19806110456638,3.24385757909669,2.60572673496322,3.29190684396481,2.98116248528582,4.02972545363829,3.72368348156726,5.36666666666667,5.56666666666667,5.7,5.76666666666667,5.93333333333333,6.03333333333333,5.9,0,0,0,0,0,0,0
8.63172401584857,6.44438738834319,4.19806110456638,3.24385757909669,2.60572673496322,3.29190684396481,2.98116248528582,4.02972545363829,4.93333333333333,5.36666666666667,5.56666666666667,5.7,5.76666666666667,5.93333333333333,6.03333333333333,0,0,0,0,0,0,0
8.12731874587545,8.63172401584857,6.44438738834319,4.19806110456638,3.24385757909669,2.60572673496322,3.29190684396481,2.98116248528582,4.93333333333333,4.93333333333333,5.36666666666667,5.56666666666667,5.7,5.76666666666667,5.93333333333333,0,0,0,0,0,0,0
10.509546174978,8.12731874587545,8.63172401584857,6.44438738834319,4.19806110456638,3.24385757909669,2.60572673496322,3.29190684396481,4.8,4.93333333333333,4.93333333333333,5.36666666666667,5.56666666666667,5.7,5.76666666666667,69.162518537551,0,0,0,0,0,0
12.4430744097383,10.509546174978,8.12731874587545,8.63172401584857,6.44438738834319,4.19806110456638,3.24385757909669,2.60572673496322,4.76666666666667,4.8,4.93333333333333,4.93333333333333,5.36666666666667,5.56666666666667,5.7,27.0003583357757,69.162518537551,0,0,0,0,0
11.149784560224,12.4430744097383,10.509546174978,8.12731874587545,8.63172401584857,6.44438738834319,4.19806110456638,3.24385757909669,5.13333333333333,4.76666666666667,4.8,4.93333333333333,4.93333333333333,5.36666666666667,5.56666666666667,2927.57940094567,27.0003583357757,69.162518537551,0,0,0,0
11.7400976032484,11.149784560224,12.4430744097383,10.509546174978,8.12731874587545,8.63172401584857,6.44438738834319,4.19806110456638,5.2,5.13333333333333,4.76666666666667,4.8,4.93333333333333,4.93333333333333,5.36666666666667,0,2927.57940094567,27.0003583357757,69.162518537551,0,0,0
12.8604897544735,11.7400976032484,11.149784560224,12.4430744097383,10.509546174978,8.12731874587545,8.63172401584857,6.44438738834319,5.63333333333333,5.2,5.13333333333333,4.76666666666667,4.8,4.93333333333333,4.93333333333333,0,0,2927.57940094567,27.0003583357757,69.162518537551,0,0
8.8272335540764,12.8604897544735,11.7400976032484,11.149784560224,12.4430744097383,10.509546174978,8.12731874587545,8.63172401584857,6.6,5.63333333333333,5.2,5.13333333333333,4.76666666666667,4.8,4.93333333333333,48.474597302094,0,0,2927.57940094567,27.0003583357757,69.162518537551,0
4.90707414617562,8.8272335540764,12.8604897544735,11.7400976032484,11.149784560224,12.4430744097383,10.509546174978,8.12731874587545,8.26666666666667,6.6,5.63333333333333,5.2,5.13333333333333,4.76666666666667,4.8,0,48.474597302094,0,0,2927.57940094567,27.0003583357757,69.162518537551
8.2644949218672,4.90707414617562,8.8272335540764,12.8604897544735,11.7400976032484,11.149784560224,12.4430744097383,10.509546174978,8.86666666666667,8.26666666666667,6.6,5.63333333333333,5.2,5.13333333333333,4.76666666666667,0,0,48.474597302094,0,0,2927.57940094567,27.0003583357757
7.57726596155242,8.2644949218672,4.90707414617562,8.8272335540764,12.8604897544735,11.7400976032484,11.149784560224,12.4430744097383,8.46666666666667,8.86666666666667,8.26666666666667,6.6,5.63333333333333,5.2,5.13333333333333,0,0,0,48.474597302094,0,0,2927.57940094567
4.66323295085285,7.57726596155242,8.2644949218672,4.90707414617562,8.8272335540764,12.8604897544735,11.7400976032484,11.149784560224,8.3,8.46666666666667,8.86666666666667,8.26666666666667,6.6,5.63333333333333,5.2,0,0,0,0,48.474597302094,0,0
3.62610733276723,4.66323295085285,7.57726596155242,8.2644949218672,4.90707414617562,8.8272335540764,12.8604897544735,11.7400976032484,7.73333333333333,8.3,8.46666666666667,8.86666666666667,8.26666666666667,6.6,5.63333333333333,23.4425362485884,0,0,0,0,48.474597302094,0
6.53739463514622,3.62610733276723,4.66323295085285,7.57726596155242,8.2644949218672,4.90707414617562,8.8272335540764,12.8604897544735,7.56666666666667,7.73333333333333,8.3,8.46666666666667,8.86666666666667,8.26666666666667,6.6,14.562029413689,23.4425362485884,0,0,0,0,48.474597302094
5.94547577923443,6.53739463514622,3.62610733276723,4.66323295085285,7.57726596155242,8.2644949218672,4.90707414617562,8.8272335540764,7.73333333333333,7.56666666666667,7.73333333333333,8.3,8.46666666666667,8.86666666666667,8.26666666666667,20.3439335286344,14.562029413689,23.4425362485884,0,0,0,0
7.543935061608,5.94547577923443,6.53739463514622,3.62610733276723,4.66323295085285,7.57726596155242,8.2644949218672,4.90707414617562,7.76666666666667,7.73333333333333,7.56666666666667,7.73333333333333,8.3,8.46666666666667,8.86666666666667,41.4075785377583,20.3439335286344,14.562029413689,23.4425362485884,0,0,0
7.16692377470238,7.543935061608,5.94547577923443,6.53739463514622,3.62610733276723,4.66323295085285,7.57726596155242,8.2644949218672,7.5,7.76666666666667,7.73333333333333,7.56666666666667,7.73333333333333,8.3,8.46666666666667,0,41.4075785377583,20.3439335286344,14.562029413689,23.4425362485884,0,0
5.64994300114454,7.16692377470238,7.543935061608,5.94547577923443,6.53739463514622,3.62610733276723,4.66323295085285,7.57726596155242,7.13333333333333,7.5,7.76666666666667,7.73333333333333,7.56666666666667,7.73333333333333,8.3,0,0,41.4075785377583,20.3439335286344,14.562029413689,23.4425362485884,0
6.02680674256093,5.64994300114454,7.16692377470238,7.543935061608,5.94547577923443,6.53739463514622,3.62610733276723,4.66323295085285,6.9,7.13333333333333,7.5,7.76666666666667,7.73333333333333,7.56666666666667,7.73333333333333,19.5093095102907,0,0,41.4075785377583,20.3439335286344,14.562029413689,23.4425362485884
7.06525514454635,6.02680674256093,5.64994300114454,7.16692377470238,7.543935061608,5.94547577923443,6.53739463514622,3.62610733276723,6.66666666666667,6.9,7.13333333333333,7.5,7.76666666666667,7.73333333333333,7.56666666666667,9.00461276028377,19.5093095102907,0,0,41.4075785377583,20.3439335286344,14.562029413689
9.41069168329187,7.06525514454635,6.02680674256093,5.64994300114454,7.16692377470238,7.543935061608,5.94547577923443,6.53739463514622,6.33333333333333,6.66666666666667,6.9,7.13333333333333,7.5,7.76666666666667,7.73333333333333,0,9.00461276028377,19.5093095102907,0,0,41.4075785377583,20.3439335286344
9.6370389827257,9.41069168329187,7.06525514454635,6.02680674256093,5.64994300114454,7.16692377470238,7.543935061608,5.94547577923443,6,6.33333333333333,6.66666666666667,6.9,7.13333333333333,7.5,7.76666666666667,0,0,9.00461276028377,19.5093095102907,0,0,41.4075785377583
9.6268495042428,9.6370389827257,9.41069168329187,7.06525514454635,6.02680674256093,5.64994300114454,7.16692377470238,7.543935061608,6.03333333333333,6,6.33333333333333,6.66666666666667,6.9,7.13333333333333,7.5,0,0,0,9.00461276028377,19.5093095102907,0,0
10.4610803588282,9.6268495042428,9.6370389827257,9.41069168329187,7.06525514454635,6.02680674256093,5.64994300114454,7.16692377470238,5.9,6.03333333333333,6,6.33333333333333,6.66666666666667,6.9,7.13333333333333,0,0,0,0,9.00461276028377,19.5093095102907,0
13.3361535475695,10.4610803588282,9.6268495042428,9.6370389827257,9.41069168329187,7.06525514454635,6.02680674256093,5.64994300114454,5.86666666666667,5.9,6.03333333333333,6,6.33333333333333,6.66666666666667,6.9,19.2031982482645,0,0,0,0,9.00461276028377,19.5093095102907
13.5212342569184,13.3361535475695,10.4610803588282,9.6268495042428,9.6370389827257,9.41069168329187,7.06525514454635,6.02680674256093,5.7,5.86666666666667,5.9,6.03333333333333,6,6.33333333333333,6.66666666666667,68.6796967907863,19.2031982482645,0,0,0,0,9.00461276028377
13.2781560148992,13.5212342569184,13.3361535475695,10.4610803588282,9.6268495042428,9.6370389827257,9.41069168329187,7.06525514454635,5.86666666666667,5.7,5.86666666666667,5.9,6.03333333333333,6,6.33333333333333,338.098719346855,68.6796967907863,19.2031982482645,0,0,0,0
16.7414477410019,13.2781560148992,13.5212342569184,13.3361535475695,10.4610803588282,9.6268495042428,9.6370389827257,9.41069168329187,5.96666666666667,5.86666666666667,5.7,5.86666666666667,5.9,6.03333333333333,6,110.985881347525,338.098719346855,68.6796967907863,19.2031982482645,0,0,0
14.1949842882118,16.7414477410019,13.2781560148992,13.5212342569184,13.3361535475695,10.4610803588282,9.6268495042428,9.6370389827257,6.3,5.96666666666667,5.86666666666667,5.7,5.86666666666667,5.9,6.03333333333333,82.4176791641701,110.985881347525,338.098719346855,68.6796967907863,19.2031982482645,0,0
7.72113591891899,14.1949842882118,16.7414477410019,13.2781560148992,13.5212342569184,13.3361535475695,10.4610803588282,9.6268495042428,7.33333333333333,6.3,5.96666666666667,5.86666666666667,5.7,5.86666666666667,5.9,47.6520715186405,82.4176791641701,110.985881347525,338.098719346855,68.6796967907863,19.2031982482645,0
11.6938613911813,7.72113591891899,14.1949842882118,16.7414477410019,13.2781560148992,13.5212342569184,13.3361535475695,10.4610803588282,7.66666666666667,7.33333333333333,6.3,5.96666666666667,5.86666666666667,5.7,5.86666666666667,-15.8391632448216,47.6520715186405,82.4176791641701,110.985881347525,338.098719346855,68.6796967907863,19.2031982482645
11.5310241407632,11.6938613911813,7.72113591891899,14.1949842882118,16.7414477410019,13.2781560148992,13.5212342569184,13.3361535475695,7.4,7.66666666666667,7.33333333333333,6.3,5.96666666666667,5.86666666666667,5.7,-14.9405548111123,-15.8391632448216,47.6520715186405,82.4176791641701,110.985881347525,338.098719346855,68.6796967907863
8.60410696319669,11.5310241407632,11.6938613911813,7.72113591891899,14.1949842882118,16.7414477410019,13.2781560148992,13.5212342569184,7.43333333333333,7.4,7.66666666666667,7.33333333333333,6.3,5.96666666666667,5.86666666666667,19.6501957828708,-14.9405548111123,-15.8391632448216,47.6520715186405,82.4176791641701,110.985881347525,338.098719346855
11.6140660290759,8.60410696319669,11.5310241407632,11.6938613911813,7.72113591891899,14.1949842882118,16.7414477410019,13.2781560148992,7.4,7.43333333333333,7.4,7.66666666666667,7.33333333333333,6.3,5.96666666666667,-6.83502208838364,19.6501957828708,-14.9405548111123,-15.8391632448216,47.6520715186405,82.4176791641701,110.985881347525
6.66319428282618,11.6140660290759,8.60410696319669,11.5310241407632,11.6938613911813,7.72113591891899,14.1949842882118,16.7414477410019,7.4,7.4,7.43333333333333,7.4,7.66666666666667,7.33333333333333,6.3,-13.5384670449813,-6.83502208838364,19.6501957828708,-14.9405548111123,-15.8391632448216,47.6520715186405,82.4176791641701
3.60259553193591,6.66319428282618,11.6140660290759,8.60410696319669,11.5310241407632,11.6938613911813,7.72113591891899,14.1949842882118,8.23333333333333,7.4,7.4,7.43333333333333,7.4,7.66666666666667,7.33333333333333,-7.20417459322858,-13.5384670449813,-6.83502208838364,19.6501957828708,-14.9405548111123,-15.8391632448216,47.6520715186405
5.90515374355245,3.60259553193591,6.66319428282618,11.6140660290759,8.60410696319669,11.5310241407632,11.6938613911813,7.72113591891899,8.83333333333333,8.23333333333333,7.4,7.4,7.43333333333333,7.4,7.66666666666667,-38.4463380359112,-7.20417459322858,-13.5384670449813,-6.83502208838364,19.6501957828708,-14.9405548111123,-15.8391632448216
7.12993149851326,5.90515374355245,3.60259553193591,6.66319428282618,11.6140660290759,8.60410696319669,11.5310241407632,11.6938613911813,9.43333333333333,8.83333333333333,8.23333333333333,7.4,7.4,7.43333333333333,7.4,53.1639016946288,-38.4463380359112,-7.20417459322858,-13.5384670449813,-6.83502208838364,19.6501957828708,-14.9405548111123
1.23476500842454,7.12993149851326,5.90515374355245,3.60259553193591,6.66319428282618,11.6140660290759,8.60410696319669,11.5310241407632,9.9,9.43333333333333,8.83333333333333,8.23333333333333,7.4,7.4,7.43333333333333,-2.69140603790216,53.1639016946288,-38.4463380359112,-7.20417459322858,-13.5384670449813,-6.83502208838364,19.6501957828708
0.272572244049063,1.23476500842454,7.12993149851326,5.90515374355245,3.60259553193591,6.66319428282618,11.6140660290759,8.60410696319669,10.6666666666667,9.9,9.43333333333333,8.83333333333333,8.23333333333333,7.4,7.4,-8.18053957133813,-2.69140603790216,53.1639016946288,-38.4463380359112,-7.20417459322858,-13.5384670449813,-6.83502208838364
4.70671513529122,0.272572244049063,1.23476500842454,7.12993149851326,5.90515374355245,3.60259553193591,6.66319428282618,11.6140660290759,10.3666666666667,10.6666666666667,9.9,9.43333333333333,8.83333333333333,8.23333333333333,7.4,-41.1075819896703,-8.18053957133813,-2.69140603790216,53.1639016946288,-38.4463380359112,-7.20417459322858,-13.5384670449813
3.95789379877607,4.70671513529122,0.272572244049063,1.23476500842454,7.12993149851326,5.90515374355245,3.60259553193591,6.66319428282618,10.1333333333333,10.3666666666667,10.6666666666667,9.9,9.43333333333333,8.83333333333333,8.23333333333333,12.4585386169205,-41.1075819896703,-8.18053957133813,-2.69140603790216,53.1639016946288,-38.4463380359112,-7.20417459322858
4.05628397417033,3.95789379877607,4.70671513529122,0.272572244049063,1.23476500842454,7.12993149851326,5.90515374355245,3.60259553193591,9.36666666666667,10.1333333333333,10.3666666666667,10.6666666666667,9.9,9.43333333333333,8.83333333333333,14.093647499002,12.4585386169205,-41.1075819896703,-8.18053957133813,-2.69140603790216,53.1639016946288,-38.4463380359112
5.79269564153408,4.05628397417033,3.95789379877607,4.70671513529122,0.272572244049063,1.23476500842454,7.12993149851326,5.90515374355245,8.53333333333333,9.36666666666667,10.1333333333333,10.3666666666667,10.6666666666667,9.9,9.43333333333333,-20.1885804630835,14.093647499002,12.4585386169205,-41.1075819896703,-8.18053957133813,-2.69140603790216,53.1639016946288
3.82479769089823,5.79269564153408,4.05628397417033,3.95789379877607,4.70671513529122,0.272572244049063,1.23476500842454,7.12993149851326,7.86666666666667,8.53333333333333,9.36666666666667,10.1333333333333,10.3666666666667,10.6666666666667,9.9,5.03597232578821,-20.1885804630835,14.093647499002,12.4585386169205,-41.1075819896703,-8.18053957133813,-2.69140603790216
3.52389306784922,3.82479769089823,5.79269564153408,4.05628397417033,3.95789379877607,4.70671513529122,0.272572244049063,1.23476500842454,7.43333333333333,7.86666666666667,8.53333333333333,9.36666666666667,10.1333333333333,10.3666666666667,10.6666666666667,2.26635038855063,5.03597232578821,-20.1885804630835,14.093647499002,12.4585386169205,-41.1075819896703,-8.18053957133813
3.49312245150795,3.52389306784922,3.82479769089823,5.79269564153408,4.05628397417033,3.95789379877607,4.70671513529122,0.272572244049063,7.43333333333333,7.43333333333333,7.86666666666667,8.53333333333333,9.36666666666667,10.1333333333333,10.3666666666667,-15.638014597704,2.26635038855063,5.03597232578821,-20.1885804630835,14.093647499002,12.4585386169205,-41.1075819896703
3.72292305226805,3.49312245150795,3.52389306784922,3.82479769089823,5.79269564153408,4.05628397417033,3.95789379877607,4.70671513529122,7.3,7.43333333333333,7.43333333333333,7.86666666666667,8.53333333333333,9.36666666666667,10.1333333333333,-21.0931279562603,-15.638014597704,2.26635038855063,5.03597232578821,-20.1885804630835,14.093647499002,12.4585386169205
3.68859570821507,3.72292305226805,3.49312245150795,3.52389306784922,3.82479769089823,5.79269564153408,4.05628397417033,3.95789379877607,7.23333333333333,7.3,7.43333333333333,7.43333333333333,7.86666666666667,8.53333333333333,9.36666666666667,-5.43648062645486,-21.0931279562603,-15.638014597704,2.26635038855063,5.03597232578821,-20.1885804630835,14.093647499002
2.5100756464268,3.68859570821507,3.72292305226805,3.49312245150795,3.52389306784922,3.82479769089823,5.79269564153408,4.05628397417033,7.3,7.23333333333333,7.3,7.43333333333333,7.43333333333333,7.86666666666667,8.53333333333333,12.4781848030034,-5.43648062645486,-21.0931279562603,-15.638014597704,2.26635038855063,5.03597232578821,-20.1885804630835
4.14063297666951,2.5100756464268,3.68859570821507,3.72292305226805,3.49312245150795,3.52389306784922,3.82479769089823,5.79269564153408,7.2,7.3,7.23333333333333,7.3,7.43333333333333,7.43333333333333,7.86666666666667,-0.944334497040622,12.4781848030034,-5.43648062645486,-21.0931279562603,-15.638014597704,2.26635038855063,5.03597232578821
2.09578334779918,4.14063297666951,2.5100756464268,3.68859570821507,3.72292305226805,3.49312245150795,3.52389306784922,3.82479769089823,7.03333333333333,7.2,7.3,7.23333333333333,7.3,7.43333333333333,7.43333333333333,21.758198064045,-0.944334497040622,12.4781848030034,-5.43648062645486,-21.0931279562603,-15.638014597704,2.26635038855063
-1.93289379896814,2.09578334779918,4.14063297666951,2.5100756464268,3.68859570821507,3.72292305226805,3.49312245150795,3.52389306784922,7.03333333333333,7.03333333333333,7.2,7.3,7.23333333333333,7.3,7.43333333333333,-88.4959415498331,21.758198064045,-0.944334497040622,12.4781848030034,-5.43648062645486,-21.0931279562603,-15.638014597704
2.4682579014647,-1.93289379896814,2.09578334779918,4.14063297666951,2.5100756464268,3.68859570821507,3.72292305226805,3.49312245150795,7.16666666666667,7.03333333333333,7.03333333333333,7.2,7.3,7.23333333333333,7.3,-55.0643578456219,-88.4959415498331,21.758198064045,-0.944334497040622,12.4781848030034,-5.43648062645486,-21.0931279562603
2.82494530166726,2.4682579014647,-1.93289379896814,2.09578334779918,4.14063297666951,2.5100756464268,3.68859570821507,3.72292305226805,6.96666666666667,7.16666666666667,7.03333333333333,7.03333333333333,7.2,7.3,7.23333333333333,-1.71302248588034,-55.0643578456219,-88.4959415498331,21.758198064045,-0.944334497040622,12.4781848030034,-5.43648062645486
4.91611893157771,2.82494530166726,2.4682579014647,-1.93289379896814,2.09578334779918,4.14063297666951,2.5100756464268,3.68859570821507,6.83333333333333,6.96666666666667,7.16666666666667,7.03333333333333,7.03333333333333,7.2,7.3,51.5598475671366,-1.71302248588034,-55.0643578456219,-88.4959415498331,21.758198064045,-0.944334497040622,12.4781848030034
4.60950360025936,4.91611893157771,2.82494530166726,2.4682579014647,-1.93289379896814,2.09578334779918,4.14063297666951,2.5100756464268,6.6,6.83333333333333,6.96666666666667,7.16666666666667,7.03333333333333,7.03333333333333,7.2,97.4305242968808,51.5598475671366,-1.71302248588034,-55.0643578456219,-88.4959415498331,21.758198064045,-0.944334497040622
4.31334658173221,4.60950360025936,4.91611893157771,2.82494530166726,2.4682579014647,-1.93289379896814,2.09578334779918,4.14063297666951,6.26666666666667,6.6,6.83333333333333,6.96666666666667,7.16666666666667,7.03333333333333,7.03333333333333,27.3294655346437,97.4305242968808,51.5598475671366,-1.71302248588034,-55.0643578456219,-88.4959415498331,21.758198064045
3.78656588933901,4.31334658173221,4.60950360025936,4.91611893157771,2.82494530166726,2.4682579014647,-1.93289379896814,2.09578334779918,6,6.26666666666667,6.6,6.83333333333333,6.96666666666667,7.16666666666667,7.03333333333333,22.8181545035856,27.3294655346437,97.4305242968808,51.5598475671366,-1.71302248588034,-55.0643578456219,-88.4959415498331
3.15811419781071,3.78656588933901,4.31334658173221,4.60950360025936,4.91611893157771,2.82494530166726,2.4682579014647,-1.93289379896814,5.83333333333333,6,6.26666666666667,6.6,6.83333333333333,6.96666666666667,7.16666666666667,-29.6436350701129,22.8181545035856,27.3294655346437,97.4305242968808,51.5598475671366,-1.71302248588034,-55.0643578456219
4.66802974844869,3.15811419781071,3.78656588933901,4.31334658173221,4.60950360025936,4.91611893157771,2.82494530166726,2.4682579014647,5.7,5.83333333333333,6,6.26666666666667,6.6,6.83333333333333,6.96666666666667,-35.7644665220559,-29.6436350701129,22.8181545035856,27.3294655346437,97.4305242968808,51.5598475671366,-1.71302248588034
4.96657478935763,4.66802974844869,3.15811419781071,3.78656588933901,4.31334658173221,4.60950360025936,4.91611893157771,2.82494530166726,5.46666666666667,5.7,5.83333333333333,6,6.26666666666667,6.6,6.83333333333333,14.2756997926139,-35.7644665220559,-29.6436350701129,22.8181545035856,27.3294655346437,97.4305242968808,51.5598475671366
4.44187592985825,4.96657478935763,4.66802974844869,3.15811419781071,3.78656588933901,4.31334658173221,4.60950360025936,4.91611893157771,5.46666666666667,5.46666666666667,5.7,5.83333333333333,6,6.26666666666667,6.6,-40.7258876350318,14.2756997926139,-35.7644665220559,-29.6436350701129,22.8181545035856,27.3294655346437,97.4305242968808
4.62221961851397,4.44187592985825,4.96657478935763,4.66802974844869,3.15811419781071,3.78656588933901,4.31334658173221,4.60950360025936,5.33333333333333,5.46666666666667,5.46666666666667,5.7,5.83333333333333,6,6.26666666666667,-12.1375867688753,-40.7258876350318,14.2756997926139,-35.7644665220559,-29.6436350701129,22.8181545035856,27.3294655346437
6.62422204854778,4.62221961851397,4.44187592985825,4.96657478935763,4.66802974844869,3.15811419781071,3.78656588933901,4.31334658173221,5.2,5.33333333333333,5.46666666666667,5.46666666666667,5.7,5.83333333333333,6,147.757156049693,-12.1375867688753,-40.7258876350318,14.2756997926139,-35.7644665220559,-29.6436350701129,22.8181545035856
3.16439956644377,6.62422204854778,4.62221961851397,4.44187592985825,4.96657478935763,4.66802974844869,3.15811419781071,3.78656588933901,5.23333333333333,5.2,5.33333333333333,5.46666666666667,5.46666666666667,5.7,5.83333333333333,49.2986548871727,147.757156049693,-12.1375867688753,-40.7258876350318,14.2756997926139,-35.7644665220559,-29.6436350701129
4.12877381876275,3.16439956644377,6.62422204854778,4.62221961851397,4.44187592985825,4.96657478935763,4.66802974844869,3.15811419781071,5.23333333333333,5.23333333333333,5.2,5.33333333333333,5.46666666666667,5.46666666666667,5.7,-20.0169520652764,49.2986548871727,147.757156049693,-12.1375867688753,-40.7258876350318,14.2756997926139,-35.7644665220559
7.06543507578159,4.12877381876275,3.16439956644377,6.62422204854778,4.62221961851397,4.44187592985825,4.96657478935763,4.66802974844869,5.36666666666667,5.23333333333333,5.23333333333333,5.2,5.33333333333333,5.46666666666667,5.46666666666667,24.3890420530617,-20.0169520652764,49.2986548871727,147.757156049693,-12.1375867688753,-40.7258876350318,14.2756997926139
4.01641699081006,7.06543507578159,4.12877381876275,3.16439956644377,6.62422204854778,4.62221961851397,4.44187592985825,4.96657478935763,5.3,5.36666666666667,5.23333333333333,5.23333333333333,5.2,5.33333333333333,5.46666666666667,30.2626929995717,24.3890420530617,-20.0169520652764,49.2986548871727,147.757156049693,-12.1375867688753,-40.7258876350318
7.09007069502436,4.01641699081006,7.06543507578159,4.12877381876275,3.16439956644377,6.62422204854778,4.62221961851397,4.44187592985825,5.33333333333333,5.3,5.36666666666667,5.23333333333333,5.23333333333333,5.2,5.33333333333333,-53.9252802809682,30.2626929995717,24.3890420530617,-20.0169520652764,49.2986548871727,147.757156049693,-12.1375867688753
6.96663043468959,7.09007069502436,4.01641699081006,7.06543507578159,4.12877381876275,3.16439956644377,6.62422204854778,4.62221961851397,5.7,5.33333333333333,5.3,5.36666666666667,5.23333333333333,5.23333333333333,5.2,380.698810369705,-53.9252802809682,30.2626929995717,24.3890420530617,-20.0169520652764,49.2986548871727,147.757156049693
3.02398070233749,6.96663043468959,7.09007069502436,4.01641699081006,7.06543507578159,4.12877381876275,3.16439956644377,6.62422204854778,6.13333333333333,5.7,5.33333333333333,5.3,5.36666666666667,5.23333333333333,5.23333333333333,108.756363108234,380.698810369705,-53.9252802809682,30.2626929995717,24.3890420530617,-20.0169520652764,49.2986548871727
2.39570117936239,3.02398070233749,6.96663043468959,7.09007069502436,4.01641699081006,7.06543507578159,4.12877381876275,3.16439956644377,6.6,6.13333333333333,5.7,5.33333333333333,5.3,5.36666666666667,5.23333333333333,-78.1383313308078,108.756363108234,380.698810369705,-53.9252802809682,30.2626929995717,24.3890420530617,-20.0169520652764
3.08396780805726,2.39570117936239,3.02398070233749,6.96663043468959,7.09007069502436,4.01641699081006,7.06543507578159,4.12877381876275,6.83333333333333,6.6,6.13333333333333,5.7,5.33333333333333,5.3,5.36666666666667,-17.5841072696154,-78.1383313308078,108.756363108234,380.698810369705,-53.9252802809682,30.2626929995717,24.3890420530617
3.36022240166043,3.08396780805726,2.39570117936239,3.02398070233749,6.96663043468959,7.09007069502436,4.01641699081006,7.06543507578159,6.86666666666667,6.83333333333333,6.6,6.13333333333333,5.7,5.33333333333333,5.3,18.559705165814,-17.5841072696154,-78.1383313308078,108.756363108234,380.698810369705,-53.9252802809682,30.2626929995717
2.73822805974242,3.36022240166043,3.08396780805726,2.39570117936239,3.02398070233749,6.96663043468959,7.09007069502436,4.01641699081006,7.1,6.86666666666667,6.83333333333333,6.6,6.13333333333333,5.7,5.33333333333333,1.51705950193921,18.559705165814,-17.5841072696154,-78.1383313308078,108.756363108234,380.698810369705,-53.9252802809682
3.11260845208501,2.73822805974242,3.36022240166043,3.08396780805726,2.39570117936239,3.02398070233749,6.96663043468959,7.09007069502436,7.36666666666667,7.1,6.86666666666667,6.83333333333333,6.6,6.13333333333333,5.7,-42.7171054608751,1.51705950193921,18.559705165814,-17.5841072696154,-78.1383313308078,108.756363108234,380.698810369705
3.08857638029727,3.11260845208501,2.73822805974242,3.36022240166043,3.08396780805726,2.39570117936239,3.02398070233749,6.96663043468959,7.6,7.36666666666667,7.1,6.86666666666667,6.83333333333333,6.6,6.13333333333333,57.5430085574203,-42.7171054608751,1.51705950193921,18.559705165814,-17.5841072696154,-78.1383313308078,108.756363108234
3.55009429285476,3.08857638029727,3.11260845208501,2.73822805974242,3.36022240166043,3.08396780805726,2.39570117936239,3.02398070233749,7.63333333333333,7.6,7.36666666666667,7.1,6.86666666666667,6.83333333333333,6.6,9.46278538639573,57.5430085574203,-42.7171054608751,1.51705950193921,18.559705165814,-17.5841072696154,-78.1383313308078
2.94202719331216,3.55009429285476,3.08857638029727,3.11260845208501,2.73822805974242,3.36022240166043,3.08396780805726,2.39570117936239,7.36666666666667,7.63333333333333,7.6,7.36666666666667,7.1,6.86666666666667,6.83333333333333,-20.2423008006771,9.46278538639573,57.5430085574203,-42.7171054608751,1.51705950193921,18.559705165814,-17.5841072696154
2.92054776667829,2.94202719331216,3.55009429285476,3.08857638029727,3.11260845208501,2.73822805974242,3.36022240166043,3.08396780805726,7.13333333333333,7.36666666666667,7.63333333333333,7.6,7.36666666666667,7.1,6.86666666666667,-12.1750724992313,-20.2423008006771,9.46278538639573,57.5430085574203,-42.7171054608751,1.51705950193921,18.559705165814
1.86344863057823,2.92054776667829,2.94202719331216,3.55009429285476,3.08857638029727,3.11260845208501,2.73822805974242,3.36022240166043,7.06666666666667,7.13333333333333,7.36666666666667,7.63333333333333,7.6,7.36666666666667,7.1,-1.30503961731174,-12.1750724992313,-20.2423008006771,9.46278538639573,57.5430085574203,-42.7171054608751,1.51705950193921
3.35713521265992,1.86344863057823,2.92054776667829,2.94202719331216,3.55009429285476,3.08857638029727,3.11260845208501,2.73822805974242,6.8,7.06666666666667,7.13333333333333,7.36666666666667,7.63333333333333,7.6,7.36666666666667,-34.2078065321696,-1.30503961731174,-12.1750724992313,-20.2423008006771,9.46278538639573,57.5430085574203,-42.7171054608751
2.02478623081173,3.35713521265992,1.86344863057823,2.92054776667829,2.94202719331216,3.55009429285476,3.08857638029727,3.11260845208501,6.63333333333333,6.8,7.06666666666667,7.13333333333333,7.36666666666667,7.63333333333333,7.6,-26.9731981635802,-34.2078065321696,-1.30503961731174,-12.1750724992313,-20.2423008006771,9.46278538639573,57.5430085574203
2.29164531911723,2.02478623081173,3.35713521265992,1.86344863057823,2.92054776667829,2.94202719331216,3.55009429285476,3.08857638029727,6.56666666666667,6.63333333333333,6.8,7.06666666666667,7.13333333333333,7.36666666666667,7.63333333333333,-34.263470213472,-26.9731981635802,-34.2078065321696,-1.30503961731174,-12.1750724992313,-20.2423008006771,9.46278538639573
3.75718284471529,2.29164531911723,2.02478623081173,3.35713521265992,1.86344863057823,2.92054776667829,2.94202719331216,3.55009429285476,6.2,6.56666666666667,6.63333333333333,6.8,7.06666666666667,7.13333333333333,7.36666666666667,107.391108860705,-34.263470213472,-26.9731981635802,-34.2078065321696,-1.30503961731174,-12.1750724992313,-20.2423008006771
2.3485901131761,3.75718284471529,2.29164531911723,2.02478623081173,3.35713521265992,1.86344863057823,2.92054776667829,2.94202719331216,6,6.2,6.56666666666667,6.63333333333333,6.8,7.06666666666667,7.13333333333333,17.2121317357287,107.391108860705,-34.263470213472,-26.9731981635802,-34.2078065321696,-1.30503961731174,-12.1750724992313
2.97042946948163,2.3485901131761,3.75718284471529,2.29164531911723,2.02478623081173,3.35713521265992,1.86344863057823,2.92054776667829,5.63333333333333,6,6.2,6.56666666666667,6.63333333333333,6.8,7.06666666666667,-16.9650377639875,17.2121317357287,107.391108860705,-34.263470213472,-26.9731981635802,-34.2078065321696,-1.30503961731174
3.3103128296019,2.97042946948163,2.3485901131761,3.75718284471529,2.29164531911723,2.02478623081173,3.35713521265992,1.86344863057823,5.46666666666667,5.63333333333333,6,6.2,6.56666666666667,6.63333333333333,6.8,16.8262439911655,-16.9650377639875,17.2121317357287,107.391108860705,-34.263470213472,-26.9731981635802,-34.2078065321696
2.03151293885695,3.3103128296019,2.97042946948163,2.3485901131761,3.75718284471529,2.29164531911723,2.02478623081173,3.35713521265992,5.66666666666667,5.46666666666667,5.63333333333333,6,6.2,6.56666666666667,6.63333333333333,23.2962807769805,16.8262439911655,-16.9650377639875,17.2121317357287,107.391108860705,-34.263470213472,-26.9731981635802
2.19844487264551,2.03151293885695,3.3103128296019,2.97042946948163,2.3485901131761,3.75718284471529,2.29164531911723,2.02478623081173,5.66666666666667,5.66666666666667,5.46666666666667,5.63333333333333,6,6.2,6.56666666666667,-27.4308575415704,23.2962807769805,16.8262439911655,-16.9650377639875,17.2121317357287,107.391108860705,-34.263470213472
3.6044322986255,2.19844487264551,2.03151293885695,3.3103128296019,2.97042946948163,2.3485901131761,3.75718284471529,2.29164531911723,5.56666666666667,5.66666666666667,5.66666666666667,5.46666666666667,5.63333333333333,6,6.2,6.97128867112662,-27.4308575415704,23.2962807769805,16.8262439911655,-16.9650377639875,17.2121317357287,107.391108860705
3.48399577206415,3.6044322986255,2.19844487264551,2.03151293885695,3.3103128296019,2.97042946948163,2.3485901131761,3.75718284471529,5.53333333333333,5.56666666666667,5.66666666666667,5.66666666666667,5.46666666666667,5.63333333333333,6,40.5666177106641,6.97128867112662,-27.4308575415704,23.2962807769805,16.8262439911655,-16.9650377639875,17.2121317357287
2.32173500681743,3.48399577206415,3.6044322986255,2.19844487264551,2.03151293885695,3.3103128296019,2.97042946948163,2.3485901131761,5.5,5.53333333333333,5.56666666666667,5.66666666666667,5.66666666666667,5.46666666666667,5.63333333333333,46.6704939729822,40.5666177106641,6.97128867112662,-27.4308575415704,23.2962807769805,16.8262439911655,-16.9650377639875
3.5208672146698,2.32173500681743,3.48399577206415,3.6044322986255,2.19844487264551,2.03151293885695,3.3103128296019,2.97042946948163,5.26666666666667,5.5,5.53333333333333,5.56666666666667,5.66666666666667,5.66666666666667,5.46666666666667,12.831733352826,46.6704939729822,40.5666177106641,6.97128867112662,-27.4308575415704,23.2962807769805,16.8262439911655
2.45933605577837,3.5208672146698,2.32173500681743,3.48399577206415,3.6044322986255,2.19844487264551,2.03151293885695,3.3103128296019,5.33333333333333,5.26666666666667,5.5,5.53333333333333,5.56666666666667,5.66666666666667,5.66666666666667,46.4337445686575,12.831733352826,46.6704939729822,40.5666177106641,6.97128867112662,-27.4308575415704,23.2962807769805
0.921942570122747,2.45933605577837,3.5208672146698,2.32173500681743,3.48399577206415,3.6044322986255,2.19844487264551,2.03151293885695,5.23333333333333,5.33333333333333,5.26666666666667,5.5,5.53333333333333,5.56666666666667,5.66666666666667,-27.1322364048579,46.4337445686575,12.831733352826,46.6704939729822,40.5666177106641,6.97128867112662,-27.4308575415704
2.01505006250005,0.921942570122747,2.45933605577837,3.5208672146698,2.32173500681743,3.48399577206415,3.6044322986255,2.19844487264551,5,5.23333333333333,5.33333333333333,5.26666666666667,5.5,5.53333333333333,5.56666666666667,-41.787416135476,-27.1322364048579,46.4337445686575,12.831733352826,46.6704939729822,40.5666177106641,6.97128867112662
2.17337937796351,2.01505006250005,0.921942570122747,2.45933605577837,3.5208672146698,2.32173500681743,3.48399577206415,3.6044322986255,4.86666666666667,5,5.23333333333333,5.33333333333333,5.26666666666667,5.5,5.53333333333333,-2.45529560600536,-41.787416135476,-27.1322364048579,46.4337445686575,12.831733352826,46.6704939729822,40.5666177106641
